date,y_true,arima_pred,lstm_pred,arima_pred_cal,lstm_pred_cal
2025-01-02,-0.062744035469187,-0.0330502101191632,-0.0077486643567681,-0.03209346800950268,-0.010551487204385604
2025-01-03,0.0789550455668859,0.0013947154892749,-0.0071713514626026,0.002351457598935414,-0.009974174310220102
2025-01-06,0.0014850709586751,0.0014203454391572,-0.006966202519834,0.0023770875488177134,-0.009769025367451504
2025-01-07,-0.0414506713389455,0.001420348318851,-0.0080726454034447,0.0023770904285115137,-0.010875468251062202
2025-01-08,0.0014697002488741,0.0014021418423157,-0.0099663715809583,0.002358883951976214,-0.012769194428575804
2025-01-10,-0.0005065652243017,0.001402370714206,-0.0123185282573103,0.0023591128238665137,-0.015121351104927804
2025-01-13,0.0214781953695606,0.0014022867095916,-0.0148493507876992,0.002359028819252114,-0.017652173635316702
2025-01-14,-0.0173826387228448,0.0014103406602964,-0.017368471249938,0.0023670827699569137,-0.020171294097555505
2025-01-15,0.0773142328283835,0.0014094705176371,-0.0198247376829385,0.0023662126272976135,-0.022627560530556003
2025-01-16,-0.0342059706913762,0.0014334962057595,-0.0222555305808782,0.0023902383154200137,-0.025058353428495703
2025-01-17,0.0301812525614346,0.0014190343974354,-0.0241804514080286,0.0023757765070959135,-0.026983274255646103
2025-01-21,-0.0057138137154746,0.0014311849849877,-0.0259837787598371,0.0023879270946482135,-0.028786601607454602
2025-01-22,-0.0213550431549434,0.0014307871035398,-0.0273666083812713,0.0023875292132003135,-0.030169431228888804
2025-01-23,-0.0065982438591811,0.0014205192804196,-0.0285704173147678,0.0023772613900801135,-0.0313732401623853
2025-01-24,-0.0141645876352747,0.0014199653196473,-0.0295988582074642,0.0023767074293078137,-0.032401681055081705
2025-01-27,-0.0234666508560073,0.001413485684754,-0.0303701665252447,0.0023702277944145137,-0.0331729893728622
2025-01-28,0.0023640734639691,0.0014021647217903,-0.0308229904621839,0.0023589068314508136,-0.033625813309801404
2025-01-29,-0.0228417054980747,0.0014021082357073,-0.0311871487647295,0.002358850345367814,-0.033989971612347
2025-01-30,0.0283279034958852,0.0013913255702765,-0.0312416795641183,0.0023480676799370135,-0.0340445024117358
2025-01-31,0.0107346406463211,0.0014006891788361,-0.0312784425914287,0.002357431288496614,-0.0340812654390462
2025-02-03,-0.0530900870691981,0.0107346406463211,-0.0312784761190414,0.011691382755981613,-0.0340812989666589
2025-02-04,0.0219885360961527,0.0013847989822768,-0.0307393055409193,0.0023415410919373136,-0.033542128388536804
2025-02-05,-0.0364535233701239,0.0013905191282454,-0.030656250193715,0.0023472612379059135,-0.0334590730413325
2025-02-06,-0.0102327993510922,0.0013785481803599,-0.0304628368467092,0.0023352902900204138,-0.0332656596943267
2025-02-07,-0.0345171429042903,0.0013764192566217,-0.0301493946462869,0.002333161366282214,-0.0329522174939044
2025-02-10,-0.0305771952093891,0.0013550997984756,-0.0299163293093442,0.0023118419081361134,-0.0327191521569617
2025-02-11,-0.0654798900863466,0.0013500823030602,-0.0294973198324441,0.002306824412720714,-0.0323001426800616
2025-02-12,0.024091057420887,0.0013228172820126,-0.0286744032055139,0.0022795593916731137,-0.0314772260531314
2025-02-13,0.0561342888353255,0.0013235966544059,-0.0280209518969059,0.0022803387640664137,-0.030823774744523403
2025-02-14,-0.0002810028501647,0.0013459731880581,-0.0276886485517025,0.002302715297718614,-0.030491471399320003
2025-02-18,-0.00487362336853,0.0013464179631674,-0.0276980809867382,0.0023031600728279137,-0.030500903834355705
2025-02-19,0.018050813649058,0.0013461833883327,-0.0279439240694046,0.0023029254979932134,-0.030746746917022102
2025-02-20,-0.0172321701024253,0.0013511079812536,-0.0281396768987178,0.0023078500909141137,-0.030942499746335304
2025-02-21,-0.0479722332719765,0.0013502694804723,-0.0284842234104871,0.0023070115901328136,-0.0312870462581046
2025-02-24,-0.0217565451995112,0.0013260432815407,-0.0284796617925167,0.0022827853912012136,-0.0312824846401342
2025-02-25,-0.0876249417878769,0.001322175237129,-0.0283689815551042,0.002278917346789514,-0.031171804402721704
2025-02-26,-0.0404367775674989,0.0012853716481019,-0.0275851190090179,0.002242113757762414,-0.030387941856635403
2025-02-27,-0.0309059101337405,0.0012676958288934,-0.0268978774547576,0.0022244379385539135,-0.029700700302375104
2025-02-28,0.038374591251971,0.0012488602399621,-0.0261030606925487,0.002205602349622614,-0.028905883540166204
2025-03-03,-0.0288440508452687,0.0012643201181255,-0.0253032017499208,0.002221062227786014,-0.028106024597538304
2025-03-04,-0.0453111882369423,-0.0288440508452687,-0.0248470399528741,-0.027887308735608185,-0.027649862800491604
2025-03-05,0.0256210166928667,0.0012353211560789,-0.0241847559809684,0.0021920632657394137,-0.026987578828585903
2025-03-06,-0.0577065194202583,0.0012432050460329,-0.0237917974591255,0.0021999471556934137,-0.026594620306743005
2025-03-07,-0.0029651004058361,0.0012261434362582,-0.0234898999333381,0.0021828855459187137,-0.026292722780955603
2025-03-10,-0.1675457406775766,0.0012215332418696,-0.0231593381613492,0.0021782753515301135,-0.025962161008966703
2025-03-11,0.0372450798387218,0.0011544346622819,-0.0220603682100772,0.002111176771942414,-0.024863191057694703
2025-03-12,0.0731936870502378,0.0011685315848111,-0.0207787472754716,0.0021252736944716135,-0.023581570123089104
2025-03-13,-0.0303233488753322,0.001193676674689,-0.0201102290302515,0.0021504187843495136,-0.022913051877869003
2025-03-14,0.0379126776500697,0.0011842401711128,-0.0199599619954824,0.002140982280773314,-0.022762784843099904
2025-03-17,-0.0490682310548997,0.0011977315125615,-0.0200830064713954,0.002154473622222014,-0.022885829319012903
2025-03-18,-0.0548354456344357,0.0011791205719585,-0.0201714895665645,0.0021358626816190135,-0.022974312414182005
2025-03-19,0.0457611903680659,0.0011576007180181,-0.0200784672051668,0.002114342827678614,-0.022881290052784303
2025-03-20,0.0016944590202747,0.0011712445832374,-0.0200450718402862,0.0021279866928979136,-0.022847894687903703
2025-03-21,0.0513547158131411,0.0011712697168007,-0.0201580878347158,0.0021280118264612137,-0.022960910682333305
2025-03-24,0.1127354748103046,0.0011927876426588,-0.0200488064438104,0.0021495297523193135,-0.022851629291427904
2025-03-25,0.0344234630779274,0.001235731375941,-0.0199212245643138,0.0021924734856015138,-0.022724047411931302
2025-03-26,-0.057423902739738,0.0012492839007163,-0.0200798045843839,0.002206026010376814,-0.022882627432001403
2025-03-27,0.0039252689641875,0.0012315800985702,-0.0201300140470266,0.002188322208230714,-0.022932836894644103
2025-03-28,-0.0357048332121827,0.0012291696895337,-0.0200233645737171,0.002185911799194214,-0.022826187421334604
2025-03-31,-0.0167974112710638,0.0012121876572929,-0.0201021712273359,0.002168929766953414,-0.022904994074953403
2025-04-01,0.0352562495176398,-0.0167974112710638,-0.0198558140546083,-0.015840669161403288,-0.022658636902225804
2025-04-02,0.0518966206094653,0.0012183501791141,-0.0197152215987443,0.0021750922887746136,-0.022518044446361803
2025-04-03,-0.0563017223581816,0.0012386258211748,-0.0191071759909391,0.0021953679308353135,-0.021909998838556603
2025-04-04,-0.1100357255155719,0.0012217310764626,-0.0190226379781961,0.0021784731861231137,-0.021825460825813603
2025-04-07,-0.0259787819023111,0.0011775243244948,-0.0184043440967798,0.002134266434155314,-0.021207166944397303
2025-04-08,-0.0502357310019059,0.0011601455313905,-0.0174902249127626,0.002116887641051014,-0.020293047760380104
2025-04-09,0.2044905800016012,0.0011449036176379,-0.0167710650712251,0.002101645727298414,-0.019573887918842604
2025-04-10,-0.0755220285780398,0.0012209236820484,-0.0158728510141372,0.0021776657917089138,-0.018675673861754703
2025-04-11,-0.00035662594507,0.0011952354425009,-0.0155919259414076,0.002151977552161414,-0.018394748789025105
2025-04-14,0.0001585564329067,0.0011938168041819,-0.0156497899442911,0.0021505589138424135,-0.018452612791908605
2025-04-15,0.0069502095654963,0.0011917227927707,-0.0160764474421739,0.002148464902431214,-0.018879270289791403
2025-04-16,-0.0506907429039964,0.0011917297905611,-0.0166665147989988,0.0021484719002216137,-0.019469337646616305
2025-04-17,-0.0007454979855454,0.0011733906019609,-0.0168259013444185,0.0021301327116214136,-0.019628724192036005
2025-04-21,-0.0591807672579278,0.0011726593939679,-0.017093239352107,0.0021294015036284137,-0.019896062199724503
2025-04-22,0.0449943820449307,0.0011516438107509,-0.0169547665864229,0.0021083859204114137,-0.019757589434040403
2025-04-23,0.0522719471597525,0.0011644104179849,-0.0167670082300901,0.0021211525276454138,-0.019569831077707604
2025-04-24,0.0343787075442634,0.0011819818152893,-0.0166595168411731,0.0021387239249498137,-0.019462339688790603
2025-04-25,0.0935184939802606,0.0011978685860431,-0.0168883726000785,0.002154610695703614,-0.019691195447696003
2025-04-28,0.0032583903115028,0.0012336606830387,-0.0166760887950658,0.0021904027926992137,-0.019478911642683304
2025-04-29,0.0212843731051686,0.001233757123506,-0.0167286340147256,0.0021904992331665137,-0.019531456862343102
2025-04-30,-0.0343822336302475,0.0212843731051686,-0.0169733706861734,0.02224111521482911,-0.019776193533790905
2025-05-01,-0.0058293144020797,0.0012277527593337,-0.016954468563199,0.0021844948689942138,-0.019757291410816506
2025-05-02,0.0235686412533731,0.001227495766738,-0.0172300823032856,0.002184237876398514,-0.020032905150903103
2025-05-05,-0.0244958471709821,0.0012343339706758,-0.0174205005168914,0.0021910760803363137,-0.020223323364508904
2025-05-06,-0.0176747407120663,0.0012328446276277,-0.0176938194781541,0.0021895867372882134,-0.020496642325771603
2025-05-07,0.0031546161942159,0.0012167696385717,-0.0179147031158208,0.0021735117482322135,-0.020717525963438305
2025-05-08,0.0306597734374385,0.0012168610727617,-0.0181083045899868,0.0021736031824222137,-0.020911127437604305
2025-05-09,0.0461081945700865,0.0012291002283933,-0.0182828977704048,0.0021858423380538136,-0.021085720618022302
2025-05-12,0.0652800311867976,0.0012454627304922,-0.0183056537061929,0.002202204840152714,-0.021108476553810405
2025-05-13,0.0481049205168115,0.0012718815308743,-0.0185909625142812,0.0022286236405348134,-0.021393785361898704
2025-05-14,0.0399319216619113,0.0012886664634488,-0.018630651757121,0.0022454085731093134,-0.021433474604738503
2025-05-15,-0.0140769459986129,0.0013059715718681,-0.018731178715825,0.0022627136815286135,-0.021534001563442505
2025-05-16,0.0206704919413738,0.001304319255727,-0.0190144218504428,0.0022610613653875136,-0.021817244698060304
2025-05-19,-0.0228021917526319,0.00130633814814,-0.0192812159657478,0.002263080257800514,-0.022084038813365302
2025-05-20,0.0050444362835557,0.0013052518111293,-0.0194482896476984,0.0022619939207898137,-0.022251112495315903
2025-05-21,-0.027122740878422,0.0013021275608968,-0.0193568263202905,0.002258869670557314,-0.022159649167908003
2025-05-22,0.0190042524750317,0.0012909815550709,-0.0193448048084974,0.0022477236647314137,-0.022147627656114905
2025-05-23,-0.0049972536895026,0.0012914165934056,-0.0192182790488004,0.0022481587030661137,-0.022021101896417903
2025-05-27,0.0670972545819799,0.0012918586658496,-0.0191961899399757,0.0022486007755101135,-0.021999012787593204
2025-05-28,-0.0166441850102723,0.0013180809381175,-0.0190648231655359,0.002274823047778014,-0.021867646013153403
2025-05-29,0.0042777491260102,-0.0166441850102723,-0.0192604605108499,-0.015687442900611786,-0.022063283358467405
2025-05-30,-0.033966015333374,0.0013141933925508,-0.0195512641221284,0.0022709355022113137,-0.022354086969745904
2025-06-02,-0.0109410916490713,0.0013040040568001,-0.0194510016590356,0.0022607461664606136,-0.022253824506653103
2025-06-03,0.0045999457840197,0.0013007835700953,-0.0193962603807449,0.002257525679755814,-0.022199083228362403
2025-06-04,-0.0361406780981345,0.0012978815538869,-0.0192812513560056,0.002254623663547414,-0.022084074203623103
2025-06-05,-0.1538494860632786,0.0012723808302292,-0.0190936904400587,0.002229122939889714,-0.021896513287676205
2025-06-06,0.0360138325066552,0.0012229648202132,-0.0172486174851655,0.0021797069298737136,-0.020051440332783003
2025-06-09,0.044531215832813,0.0012333426506788,-0.0159535203129053,0.0021900847603393138,-0.018756343160522805
2025-06-10,0.0551923201543846,0.0012501288631559,-0.0149825727567076,0.002206870972816414,-0.017785395604325103
2025-06-11,0.0010421025390305,0.0012692117039391,-0.0146605325862765,0.002225953813599614,-0.017463355433894004
2025-06-12,-0.0226796831660527,0.0012701526500216,-0.0150097170844674,0.0022268947596821138,-0.017812539932084905
2025-06-13,0.019242741328906,0.0012691783690082,-0.0156043590977787,0.0022259204786687138,-0.018407181945396204
2025-06-16,0.0116742579764723,0.001269084694265,-0.0160347316414117,0.002225826803925514,-0.018837554489029205
2025-06-17,-0.0396036094465763,0.0012719625335562,-0.0168672073632478,0.002228704643216714,-0.019670030210865302
2025-06-18,0.0178575602023034,0.0012584534928841,-0.0176201704889535,0.0022151956025446137,-0.020422993336571004
2025-06-20,0.0003415528218111,0.0012609882716448,-0.0182697717100381,0.002217730381305314,-0.021072594557655602
2025-06-23,0.0791062472272541,0.0012615257649575,-0.0187646318227052,0.0022182678746180138,-0.021567454670322703
2025-06-24,-0.0238275555713105,0.0012933101376517,-0.0187662839889526,0.002250052247312214,-0.021569106836570102
2025-06-25,-0.0386863416563079,0.0012919477193859,-0.0192304197698831,0.002248689829046414,-0.022033242617500604
2025-06-26,-0.0054183747277543,0.0012677102634249,-0.0195838864892721,0.0022244523730854137,-0.022386709336889604
2025-06-27,-0.0066214001617641,-0.0054183747277543,-0.0200457889586687,-0.004461632618093786,-0.022848611806286202
2025-06-30,-0.0186192630852763,0.0012663712121353,-0.0204083081334829,0.0022231133217958136,-0.023211130981100402
2025-07-01,-0.0548353231730862,0.0012622169215303,-0.0208242032676935,0.0022189590311908138,-0.023627026115311003
2025-07-02,0.0484876687149791,0.0012375052148378,-0.0203867889940738,0.0021942473244983135,-0.023189611841691302
2025-07-03,-0.0009508330128999,0.0012512382957254,-0.0202742423862218,0.0022079804053859137,-0.023077065233839303
2025-07-07,-0.0703074792800579,0.0012511390853096,-0.0205960776656866,0.002207881194970114,-0.023398900513304104
2025-07-08,0.013080017887538,0.0012301087427747,-0.0201152097433805,0.0021868508524352137,-0.022918032590998005
2025-07-09,-0.0065017078495293,0.0012287299900185,-0.0199615862220525,0.0021854720996790137,-0.022764409069670005
2025-07-10,0.0461988557066899,0.001228217915213,-0.0199258681386709,0.0021849600248735135,-0.022728690986288404
2025-07-11,0.0116784497111721,0.0012422708375555,-0.0198105294257402,0.0021990129472160137,-0.022613352273357704
2025-07-14,0.0107549587965989,0.00124329598646,-0.019935455173254,0.002200038096120514,-0.022738278020871503
2025-07-15,-0.0195009850060872,0.0012493588854372,-0.0201667007058858,0.0022061009950977138,-0.022969523553503304
2025-07-16,0.0344409546245838,0.0012484377978416,-0.0203898325562477,0.002205179907502114,-0.023192655403865205
2025-07-17,-0.0070506615954482,0.0012532009838841,-0.0203803852200508,0.0022099430935446137,-0.023183208067668305
2025-07-18,0.0315559115843147,0.0012529758809154,-0.0205615144222974,0.0022097179905759138,-0.023364337269914905
2025-07-21,-0.0035251007119931,0.0012626408395602,-0.0206016842275857,0.002219382949220714,-0.023404507075203203
2025-07-22,0.0109598289022239,0.0012624406106841,-0.0208835583180189,0.002219182720344614,-0.023686381165636403
2025-07-23,0.0013540923687314,0.0012634457383806,-0.0211229305714368,0.0022201878480411137,-0.023925753419054303
2025-07-24,-0.0855254278460249,0.0012637294924649,-0.0212534461170434,0.0022204716021254137,-0.024056268964660905
2025-07-25,0.0346372014993487,0.0012364613832611,-0.0206550043076276,0.0021932034929216136,-0.023457827155245106
2025-07-28,0.0297068486219673,0.0346372014993487,-0.0201310720294713,0.035593943609009214,-0.022933894877088804
2025-07-29,-0.0135748898013607,0.0012549434700426,-0.0199051965028047,0.0022116855797031138,-0.022708019350422205
2025-07-30,-0.0067475065203588,0.0012543502935284,-0.020026883110404,0.0022110924031889137,-0.022829705958021505
2025-07-31,-0.0343405268550283,0.0012501973662836,-0.0202349107712507,0.0022069394759441138,-0.023037733618868204
2025-08-01,-0.0184650333470397,0.0012376834365048,-0.0204296056181192,0.0021944255461653138,-0.023232428465736706
2025-08-04,0.0216714252700427,0.0012312221396958,-0.0204393621534109,0.002187964249356314,-0.023242185001028405
2025-08-05,-0.0017476574412365,0.0012314039930198,-0.0205326415598392,0.0021881461026803137,-0.023335464407456704
2025-08-06,0.0356049964994431,0.0012315020446261,-0.0207669138908386,0.0021882441542866136,-0.023569736738456103
2025-08-07,0.0073499517353043,0.0012452235240795,-0.0208217706531286,0.0022019656337400138,-0.023624593500746104
2025-08-08,0.0226417976259805,0.0012457477358989,-0.0210333615541458,0.0022024898455594135,-0.023836184401763303
2025-08-11,0.0280571283954236,0.001255347080698,-0.0210935790091753,0.0022120891903585137,-0.023896401856792805
2025-08-12,0.0053245527757965,0.0012657750881343,-0.0211546793580055,0.0022225171977948138,-0.023957502205623003
2025-08-13,-0.0042927102832601,0.0012659466865784,-0.0213754866272211,0.002222688796238914,-0.024178309474838604
2025-08-14,-0.0112600998840903,0.0012655142730818,-0.0217061806470155,0.0022222563827423137,-0.024509003494633003
2025-08-15,-0.0150721595024325,0.0012649240732165,-0.0218637883663177,0.0022216661828770136,-0.024666611213935204
2025-08-18,0.0138198621259304,0.0012584263739004,-0.0220235902816057,0.0022151684835609135,-0.024826413129223204
2025-08-19,-0.0176084917179046,0.0012584600462322,-0.0222051497548818,0.002215202155892714,-0.025007972602499304
2025-08-20,-0.0165647416201757,0.0012564299742249,-0.0222702790051698,0.0022131720838854136,-0.025073101852787303
2025-08-21,-0.0117701663688176,0.0012492352750966,-0.0222276039421558,0.0022059773847571138,-0.025030426789773304
2025-08-22,0.0603104166993375,0.0012479586113064,-0.0222526360303163,0.0022047007209669137,-0.025055458877933805
2025-08-25,0.0191963372272105,0.0603104166993375,-0.0219411309808492,0.061267158808998017,-0.024743953828466704
2025-08-26,0.0145218791617018,0.0012682458608613,-0.0218599904328584,0.002224987970521814,-0.024662813280475905
2025-08-27,-0.0059036128129399,0.0012714302758137,-0.0219011101871728,0.002228172385474214,-0.024703933034790303
2025-08-28,-0.010408659566889,0.0012714395774951,-0.02209909632802,0.0022281816871556137,-0.024901919175637503
2025-08-29,-0.0356293206445084,0.0012693070878993,-0.0222504921257495,0.002226049197559814,-0.025053314973367005
2025-09-02,-0.0136003480423632,0.0012529768801028,-0.0222215447574853,0.0022097189897633137,-0.025024367605102803
2025-09-03,0.0142590738087946,0.0012523817797596,-0.0221212748438119,0.002209123889420114,-0.024924097691429403
2025-09-04,0.0132023043168425,0.0012523333884774,-0.0218325313180685,0.0022090754981379137,-0.024635354165686005
2025-09-05,0.0357175575332373,0.0012538024912032,-0.0217562671750783,0.002210544600863714,-0.024559090022695802
2025-09-08,-0.0127361095766316,0.0012705955174571,-0.0215103719383478,0.0022273376271176137,-0.024313194785965303
2025-09-09,0.0016441653277192,0.0012699147095793,-0.0216125417500734,0.0022266568192398136,-0.024415364597690906
2025-09-10,0.0023605495234679,0.0012673955613392,-0.021796541288495,0.002224137670999714,-0.024599364136112505
2025-09-11,0.0586827257429929,0.0012671459903896,-0.0218944381922483,0.002223888100050114,-0.024697261039865803
2025-09-12,0.0709810911268755,0.001285518258192,-0.0217888634651899,0.0022422603678525135,-0.024591686312807403
2025-09-15,0.0349920459649535,0.0013134940761442,-0.0214420109987258,0.0022702361858047138,-0.024244833846343305
2025-09-16,0.0278496860966468,0.0013265845129124,-0.0216131005436182,0.002283326622572914,-0.024415923391235703
2025-09-17,0.010006196509857,0.0013363591700657,-0.0221556704491376,0.002293101279726214,-0.024958493296755105
2025-09-18,-0.0213841598623272,0.0013372808565176,-0.0227486845105886,0.002294022966178114,-0.025551507358206105
2025-09-19,0.0218772097108272,0.0013356505337249,-0.0235936772078275,0.002292392643385414,-0.026396500055445003
2025-09-22,0.0189245991516573,0.0013380527923469,-0.0243760179728269,0.002294794902007414,-0.027178840820444403
2025-09-23,-0.0194410824414639,0.0189245991516573,-0.0251493882387876,0.019881341261317815,-0.027952211086405103
2025-09-24,0.0390084503985734,0.0013394514215542,-0.025922579690814,0.002296193531214714,-0.028725402538431505
2025-09-25,-0.04480186162621,0.001354332146526,-0.0265364218503236,0.0023110742561865136,-0.029339244697941105
2025-09-26,0.0393896162974964,0.001336169540843,-0.0268549546599388,0.002292911650503514,-0.029657777507556302
2025-09-29,0.0063602880863031,0.0013493096674443,-0.0271890219300985,0.0023060517771048136,-0.029991844777716003
2025-09-30,0.0034011943142928,0.0013496735864391,-0.0276127588003873,0.0023064156960996137,-0.030415581648004803
2025-10-01,0.0326069948761817,0.0013505354561274,-0.0279904976487159,0.002307277565787914,-0.030793320496333404
2025-10-02,-0.0524096249172414,0.0013639258087568,-0.0282447561621665,0.0023206679184173138,-0.031047579009784002
2025-10-03,-0.0142524929092315,0.0013478752445966,-0.0282479021698236,0.002304617354257114,-0.031050725017441105
2025-10-06,0.0530540991951573,0.0013419737721109,-0.0281332563608884,0.0022987158817714135,-0.030936079208505905
2025-10-07,-0.045498299492519,0.0013565933043232,-0.0282939635217189,0.0023133354139837138,-0.031096786369336403
2025-10-08,0.0128474687146757,0.0013418182486491,-0.0282321721315383,0.0022985603583096136,-0.031034994979155805
2025-10-09,-0.0072063587131685,0.0013422344428707,-0.0285355281084775,0.002298976552531214,-0.031338350956095
2025-10-10,-0.0519533533870513,0.0013411654027459,-0.028681868687272,0.002297907512406414,-0.0314846915348895
2025-10-13,0.0527795384853497,0.0013249392222547,-0.0286185834556818,0.002281681331915214,-0.0314214063032993
2025-10-14,-0.0153966649342871,0.0013384415979369,-0.0289100091904401,0.002295183707597414,-0.0317128320380576
2025-10-15,0.0136746049013289,0.0013370592306025,-0.0289635471999645,0.0022938013402630138,-0.031766370047582
2025-10-16,-0.0148167867291384,0.001337341073653,-0.0293307062238454,0.002294083183313514,-0.0321335290714629
2025-10-17,0.0243313101725002,0.0013367318199677,-0.0295682754367589,0.0022934739296282137,-0.032371098284376405
2025-10-20,0.0183147758761235,0.0013384385210194,-0.0297591667622327,0.0022951806306799136,-0.032561989609850205
2025-10-21,-0.0108536431216856,0.0183147758761235,-0.0301644336432218,0.019271517985784012,-0.0329672564908393
2025-10-22,-0.0082353650160102,0.0013455281416273,-0.030615909025073,0.002302270251287814,-0.0334187318726905
2025-10-23,0.0225472913987712,0.0013446929429769,-0.0308249276131391,0.0023014350526374136,-0.033627750460756604
2025-10-24,-0.0345792003713718,0.0013455061570209,-0.0305968765169382,0.0023022482666814137,-0.0333996993645557
2025-10-27,0.0422118141910106,0.0013367347696754,-0.0305291134864091,0.002293476879335914,-0.033331936334026604
2025-10-28,0.0178104193194235,0.0013486985705505,-0.0306790862232446,0.002305440680211014,-0.033481909070862105
2025-10-29,0.0020823424117688,0.0013516491348958,-0.0309738870710134,0.0023083912445563135,-0.0337767099186309
2025-10-30,-0.0475017556551602,0.0013524793459093,-0.0314383581280708,0.002309221455569814,-0.0342411809756883
2025-10-31,0.0367181331955386,0.001337984688943,-0.0317179150879383,0.0022947267986035136,-0.0345207379355558
2025-11-03,0.0255384505438627,0.0013501460212448,-0.0320697575807571,0.0023068881309053135,-0.0348725804283746
2025-11-04,-0.0528485728136667,0.0013586867813809,-0.0323510207235813,0.002315428891041414,-0.0351538435711988
2025-11-05,0.0393064119956241,0.0013439736578624,-0.0323641709983348,0.0023007157675229138,-0.0351669938459523
2025-11-06,-0.0355992644592157,0.0013525911569445,-0.0326309874653816,0.0023093332666050135,-0.0354338103129991
2025-11-07,-0.0374488656115019,0.0013440700287088,-0.0324950367212295,0.0023008121383693136,-0.035297859568847
2025-11-10,0.0359227467152996,0.0013279060187962,-0.0322745516896247,0.002284648128456714,-0.035077374537242204
2025-11-11,-0.0126803209584265,0.0013375702612396,-0.0324248038232326,0.0022943123709001137,-0.0352276266708501
2025-11-12,-0.0207311071883271,0.001336940121109,-0.0325067639350891,0.0022936822307695138,-0.0353095867827066
2025-11-13,-0.068752410710184,0.0013254564267001,-0.032750092446804,0.002282198536360614,-0.0355529152944215
2025-11-14,0.0058536662419435,0.0013009796844346,-0.0322984084486961,0.0022577217940951137,-0.0351012312963136
2025-11-17,0.0112387160894158,0.00130053984126,-0.0319014191627502,0.0022572819509205136,-0.0347042420103677
2025-11-18,-0.0189348962816566,0.0112387160894158,-0.0315099768340587,0.012195458199076314,-0.0343127996816762
2025-11-19,0.0068054265623915,0.0012971896098332,-0.0312864147126674,0.0022539317194937136,-0.0340892375602849
2025-11-20,-0.021922199285516,0.001297208695533,-0.0313758701086044,0.0022539508051935137,-0.034178692956221904
2025-11-21,-0.0105301985585839,0.0012946633693744,-0.0313697382807731,0.002251405479034914,-0.0341725611283906
2025-11-24,0.0660172720981133,0.0012886231161951,-0.0313150733709335,0.0022453652258556138,-0.034117896218551
2025-11-25,0.0038701286542188,0.0013084412078448,-0.0314558781683445,0.0022651833175053137,-0.034258701015962
2025-11-26,0.0169747872203798,0.0013085504577763,-0.0316642150282859,0.002265292567436814,-0.0344670378759034
2025-11-28,0.0083806194747761,0.0013152290230255,-0.0321622118353843,0.0022719711326860135,-0.0349650346830018
2025-12-01,-6.973946212429638e-05,0.0013155589049581,-0.0328956805169582,0.0022723010146186136,-0.0356985033645757
2025-12-02,-0.0020945908399214,0.0013164149621933,-0.0333458632230758,0.0022731570718538137,-0.0361486860706933
2025-12-03,0.0399605677377001,0.0013163750087642,-0.0337774120271205,0.0022731171184247135,-0.036580234874738
2025-12-04,0.0172871673085559,0.0013305479463294,-0.0340513810515403,0.002287290055989914,-0.0368542038991578
2025-12-05,0.0010335035967345,0.0013353411709172,-0.0343854092061519,0.0022920832805777137,-0.0371882320537694
2025-12-08,-0.0344777239085596,0.0013354424532505,-0.0348268002271652,0.002292184562911014,-0.0376296230747827
2025-12-09,0.0126365668069148,0.0013292707565313,-0.0349977724254131,0.002286012866191814,-0.0378005952730306
2025-12-10,0.0140083899437906,0.0013287476687016,-0.0352663099765777,0.002285489778362114,-0.038069132824195204
2025-12-11,-0.010152139695978,0.0013311012961118,-0.0354374200105667,0.0022878434057723137,-0.0382402428581842
2025-12-12,0.0266505295784877,0.0013307660951006,-0.0355813577771186,0.002287508204761114,-0.0383841806247361
2025-12-15,0.0350041759301564,0.0013369878788198,-0.0355038605630397,0.0022937299884803137,-0.038306683410657204
2025-12-16,0.0301932555146891,0.0013497448837022,-0.0354250930249691,0.0023064869933627137,-0.0382279158725866
2025-12-17,-0.0472746042948735,0.0301932555146891,-0.0353145785629749,0.031149997624349612,-0.0381174014105924
2025-12-18,0.0338965270109126,0.0013421495134406,-0.0352017655968666,0.002298891623101114,-0.0380045884444841
2025-12-19,-0.0044993863680717,0.0013546259396102,-0.0353235974907875,0.0023113680492707137,-0.038126420338405
2025-12-22,0.0155272027571093,0.0013543224277753,-0.0352336578071117,0.0023110645374358136,-0.0380364806547292
2025-12-23,-0.006507353223947,0.0013565530502159,-0.0354385562241077,0.0023132951598764137,-0.0382413790717252
2025-12-24,-0.0003295782832779,0.0013563362756091,-0.0357195399701595,0.0023130783852696136,-0.038522362817777
2025-12-26,-0.0212585515245873,0.0013550855352447,-0.0361130163073539,0.0023118276449052137,-0.0389158391549714
2025-12-29,-0.0332711229349129,0.0013537528520368,-0.0362776592373847,0.0023104949616973135,-0.0390804820850022
2025-12-30,-0.0113997360217741,0.0013315043148736,-0.0362228937447071,0.0022882464245341134,-0.0390257165923246
2025-12-31,-0.0104187006411073,0.001331085626866,-0.036142636090517,0.0022878277365265135,-0.0389454589381345
2026-01-02,-0.0262464379180213,0.0013272925908125,-0.0360190495848655,0.0022840347004730137,-0.038821872432483
2026-01-05,0.0305731227434415,0.001320283022162,-0.0356477461755275,0.002277025131822514,-0.038450569023145004
2026-01-06,-0.0423065291749722,0.0013207246117533,-0.035550944507122,0.002277466721413814,-0.0383537673547395
2026-01-07,-0.0035864027282057,0.0013080450864921,-0.034970037639141,0.002264787196152614,-0.0377728604867585
2026-01-08,0.0101244719817286,0.001307859423726,-0.0347741805016994,0.0022646015333865135,-0.0375770033493169
2026-01-09,0.0209133812687021,0.0013086393736293,-0.0345117524266243,0.002265381483289814,-0.0373145752742418
2026-01-12,0.0088370021127994,0.001316706857314,-0.0343604311347007,0.0022734489669745134,-0.0371632539823182
2026-01-13,-0.0039278287439232,0.0013170534031089,-0.0343268774449825,0.002273795512769414,-0.0371297002926
